,Language,Edit type,ROUGE-L β (95% CI),ROUGE-L p,BERTScore β (95% CI),BERTScore p,GPT-5 β (95% CI),GPT-5 p
0,English,Delete,-0.048 (-0.061 to -0.035),<0.001,-0.087 (-0.100 to -0.073),<0.001,5.70 (4.99 to 6.41),<0.001
1,English,Modify,-0.090 (-0.131 to -0.049),<0.001,-0.104 (-0.155 to -0.053),<0.001,10.00 (6.65 to 13.35),<0.001
2,English,Paraphrase,-0.027 (-0.031 to -0.024),<0.001,-0.017 (-0.023 to -0.011),<0.001,0.00 (-0.24 to 0.24),1.00
3,Swedish,Delete,-0.050 (-0.063 to -0.037),<0.001,-0.018 (-0.025 to -0.012),<0.001,5.70 (5.18 to 6.22),<0.001
4,Swedish,Modify,-0.115 (-0.179 to -0.051),<0.001,-0.019 (-0.028 to -0.009),<0.001,7.30 (2.95 to 11.65),0.001
5,Swedish,Paraphrase,-0.027 (-0.032 to -0.021),<0.001,-0.005 (-0.008 to -0.002),0.001,0.00 (-0.24 to 0.24),1.00
6,Finnish,Delete,-0.057 (-0.069 to -0.044),<0.001,-0.021 (-0.026 to -0.016),<0.001,5.60 (4.62 to 6.58),<0.001
7,Finnish,Modify,-0.098 (-0.143 to -0.054),<0.001,-0.015 (-0.025 to -0.006),0.002,9.20 (6.45 to 11.95),<0.001
8,Finnish,Paraphrase,-0.025 (-0.029 to -0.022),<0.001,-0.005 (-0.007 to -0.003),<0.001,0.10 (-0.06 to 0.26),0.21
